{
  "development": {
    "username": "root",
    "password": "123456",
    "database": "vite-blog",
    "host": "127.0.0.1",
    "dialect": "mysql",
    "timezone": "+08:00"
  },
  "test": {
    "username": "root",
    "password": null,
    "database": "database_test",
    "host": "127.0.0.1",
    "dialect": "mysql",
    "timezone": "+08:00"
  },
  "production": {
    "username": "root",
    "password": null,
    "database": "database_production",
    "host": "127.0.0.1",
    "dialect": "mysql",
    "timezone": "+08:00"
  }
}
